STATE/UT,DISTRICT,YEAR,MURDER,ATTEMPT TO MURDER,CULPABLE HOMICIDE NOT AMOUNTING TO MURDER,RAPE,CUSTODIAL RAPE,OTHER RAPE,KIDNAPPING & ABDUCTION,KIDNAPPING AND ABDUCTION OF WOMEN AND GIRLS,KIDNAPPING AND ABDUCTION OF OTHERS,DACOITY,PREPARATION AND ASSEMBLY FOR DACOITY,ROBBERY,BURGLARY,THEFT,AUTO THEFT,OTHER THEFT,RIOTS,CRIMINAL BREACH OF TRUST,CHEATING,COUNTERFIETING,ARSON,HURT/GREVIOUS HURT,DOWRY DEATHS,ASSAULT ON WOMEN WITH INTENT TO OUTRAGE HER MODESTY,INSULT TO MODESTY OF WOMEN,CRUELTY BY HUSBAND OR HIS RELATIVES,IMPORTATION OF GIRLS FROM FOREIGN COUNTRIES,CAUSING DEATH BY NEGLIGENCE,OTHER IPC CRIMES,TOTAL IPC CRIMES
GUJARAT,AHMEDABAD COMMR.,2001,90,58,60,39,0,39,143,117,26,18,4,192,695,3588,1740,1848,191,140,205,13,2,1311,7,54,27,530,0,0,6129,13496
GUJARAT,AHMEDABAD RURAL,2001,26,17,1,5,0,5,27,27,0,15,1,25,122,225,30,195,50,20,9,0,24,482,0,26,0,84,0,190,797,2146
GUJARAT,AHWA-DANG,2001,6,0,0,1,0,1,2,1,1,0,0,1,6,8,1,7,10,3,4,0,2,32,0,2,0,2,0,14,54,147
GUJARAT,AMRELI,2001,41,11,0,2,0,2,39,34,5,4,0,25,127,199,33,166,52,15,21,5,17,363,2,21,0,94,0,73,1080,2191
GUJARAT,ANAND,2001,28,16,0,3,0,3,30,28,2,10,0,14,195,427,87,340,63,113,76,0,22,596,0,27,3,210,0,150,1896,3879
GUJARAT,BHARUCH,2001,37,14,0,4,0,4,39,34,5,13,0,17,150,388,93,295,44,70,71,1,22,385,0,19,0,56,0,180,1542,3052
GUJARAT,BHAVNAGAR,2001,64,28,0,9,0,9,60,51,9,5,0,48,203,561,190,371,113,154,103,3,25,100,2,36,7,129,0,0,3438,5088
GUJARAT,DAHOD,2001,36,8,0,5,0,5,15,15,0,22,0,44,76,120,41,79,49,26,0,0,31,394,0,17,0,11,0,0,863,1717
GUJARAT,GANDHINAGAR,2001,25,11,0,4,0,4,15,12,3,14,0,22,182,585,167,418,64,37,38,1,5,430,3,37,7,116,0,3,1879,3478
GUJARAT,HIMATNAGAR,2001,55,9,3,17,0,17,31,29,2,23,0,29,204,191,50,141,65,58,52,1,25,357,4,51,0,165,0,203,2470,4013
GUJARAT,JAMNAGAR,2001,48,27,2,20,0,20,27,22,5,2,0,20,204,530,172,358,34,46,25,2,13,418,2,18,2,163,0,0,2254,3857
GUJARAT,JUNAGADH,2001,56,37,0,14,0,14,46,39,7,4,0,52,252,547,131,416,88,97,122,1,14,541,11,44,8,384,0,162,2706,5186
GUJARAT,KHEDA NORTH,2001,42,5,0,11,0,11,30,30,0,9,0,19,159,358,72,286,63,54,63,1,21,472,0,43,0,122,0,184,2195,3851
GUJARAT,KUTCH,2001,34,29,18,2,0,2,24,22,2,8,0,11,133,307,107,200,55,19,40,1,11,467,2,25,1,176,0,229,1763,3355
GUJARAT,MEHSANA,2001,28,17,0,4,0,4,58,49,9,23,5,45,195,557,87,470,98,47,90,0,15,1206,5,47,1,188,0,152,2394,5175
GUJARAT,NARMADA,2001,16,3,0,8,0,8,9,8,1,1,0,0,14,46,9,37,9,3,15,0,11,96,0,7,1,9,0,42,246,536
GUJARAT,NAVSARI,2001,26,6,0,2,0,2,6,5,1,7,1,13,98,120,37,83,22,43,19,1,6,144,0,6,0,17,0,0,867,1404
GUJARAT,PALANPUR,2001,52,45,0,18,0,18,41,35,6,13,0,47,212,420,64,356,94,54,55,4,21,1370,2,50,2,152,0,133,1102,3887
GUJARAT,PANCHMAHAL,2001,56,13,0,5,0,5,46,46,0,21,0,19,147,313,65,248,50,53,34,2,57,530,0,1,23,43,0,0,1122,2535
GUJARAT,PATAN,2001,24,18,0,3,0,3,21,21,0,8,0,19,76,220,26,194,78,52,29,0,12,422,0,23,0,78,0,81,1283,2447
GUJARAT,PORBANDAR,2001,15,9,0,6,0,6,5,5,0,0,0,3,44,116,37,79,8,38,15,0,5,136,0,10,0,64,0,37,704,1215
GUJARAT,RAJKOT COMMR.,2001,29,33,1,5,0,5,46,38,8,5,0,31,306,1245,530,715,110,56,71,1,9,628,3,19,12,199,0,82,1883,4774
GUJARAT,RAJKOT RURAL,2001,30,36,3,20,0,20,40,35,5,9,0,23,198,378,65,313,58,172,44,3,21,616,2,45,3,206,0,197,2298,4402
GUJARAT,SURAT COMMR.,2001,98,19,2,11,0,11,57,37,20,26,5,59,353,1422,958,464,127,66,228,6,10,353,20,10,1,132,0,167,823,3995
GUJARAT,SURAT RURAL,2001,62,8,0,26,0,26,23,16,7,12,2,28,100,219,66,153,30,36,33,1,9,315,0,11,0,34,0,316,501,1766
GUJARAT,SURENDRANAGAR,2001,38,17,0,11,0,11,29,24,5,7,1,13,103,204,36,168,73,45,32,1,9,522,2,45,3,75,0,0,1883,3113
GUJARAT,VADODARA COMMR.,2001,34,14,0,3,0,3,35,32,3,4,0,39,244,997,449,548,151,104,182,3,7,365,0,11,10,90,0,153,2601,5047
GUJARAT,VADODARA RURAL,2001,71,13,1,18,0,18,38,34,4,15,0,21,67,210,24,186,34,67,56,0,10,354,0,34,0,81,0,170,1877,3137
GUJARAT,VALSAD,2001,44,8,3,9,0,9,16,11,5,22,0,25,246,432,135,297,40,50,37,2,12,301,0,10,0,50,0,0,1802,3109
GUJARAT,W.RLY,2001,15,8,0,1,0,1,0,0,0,7,0,87,31,901,2,899,7,10,10,2,1,54,0,7,0,7,0,6,267,1421
GUJARAT,TOTAL,2001,1226,537,94,286,0,286,998,857,141,327,19,991,5142,15834,5504,10330,1930,1748,1779,55,449,13760,67,756,111,3667,0,2924,50719,103419
GUJARAT,AHMEDABAD COMMR.,2002,222,143,0,12,0,12,153,92,61,219,4,206,643,4007,1950,2057,626,128,245,14,13,1398,6,36,18,433,0,0,5953,14479
GUJARAT,AHMEDABAD RURAL,2002,63,24,0,7,0,7,13,11,2,8,0,16,98,235,55,180,66,38,15,0,72,432,7,17,1,66,0,183,1411,2772
GUJARAT,AHWA-DANG,2002,6,1,0,4,0,4,1,1,0,1,0,1,4,12,1,11,6,3,0,0,4,34,0,0,0,7,0,19,67,170
GUJARAT,AMRELI,2002,21,17,1,4,0,4,27,23,4,0,0,20,66,158,35,123,37,18,6,1,14,240,0,18,1,95,0,77,1030,1851
GUJARAT,ANAND,2002,48,31,1,8,0,8,38,33,5,10,0,14,151,359,109,250,184,105,49,0,57,568,0,22,2,183,0,200,1829,3859
GUJARAT,BHARUCH,2002,47,25,0,7,0,7,24,23,1,33,0,23,144,298,78,220,110,56,30,3,65,419,0,26,0,52,0,211,1513,3086
GUJARAT,BHAVNAGAR,2002,59,43,1,9,0,9,51,39,12,9,0,46,277,500,200,300,402,135,70,5,76,137,4,57,7,125,0,10,3123,5146
GUJARAT,DAHOD,2002,64,14,2,14,0,14,9,9,0,76,0,64,61,120,36,84,67,17,6,0,52,397,0,19,0,18,0,0,743,1743
GUJARAT,GANDHINAGAR,2002,31,7,0,7,0,7,21,19,2,5,0,37,114,522,189,333,108,18,28,1,22,393,1,15,5,126,0,169,1669,3299
GUJARAT,HIMATNAGAR,2002,71,23,0,11,0,11,40,37,3,81,0,28,259,238,77,161,85,48,46,1,309,399,1,55,0,138,0,168,2385,4386
GUJARAT,JAMNAGAR,2002,39,24,0,25,0,25,36,30,6,1,0,24,217,500,200,300,41,28,22,1,13,435,5,19,4,176,0,0,1961,3571
GUJARAT,JUNAGADH,2002,55,22,0,10,0,10,50,41,9,9,0,43,228,531,145,386,112,85,109,1,58,536,2,38,13,368,0,168,2542,4980
GUJARAT,KHEDA NORTH,2002,56,18,1,9,0,9,29,29,0,23,0,20,131,352,91,261,172,41,54,1,66,478,0,41,0,104,0,171,2101,3868
GUJARAT,KUTCH,2002,35,22,4,3,0,3,40,35,5,10,0,26,217,263,86,177,71,16,54,1,20,441,2,29,1,174,0,237,1945,3611
GUJARAT,MEHSANA,2002,49,43,0,13,0,13,41,36,5,49,1,52,246,611,121,490,194,37,61,2,88,1143,0,40,4,170,0,156,2120,5120
GUJARAT,NARMADA,2002,16,4,0,7,0,7,5,2,3,12,0,1,27,36,5,31,34,4,18,0,25,145,0,6,4,9,0,41,302,696
GUJARAT,NAVSARI,2002,26,4,0,5,0,5,11,11,0,3,0,14,108,134,74,60,19,22,10,1,14,133,0,2,0,23,0,0,825,1354
GUJARAT,PALANPUR,2002,38,31,0,16,0,16,47,39,8,6,0,53,220,293,61,232,89,36,26,2,71,1377,0,58,1,122,0,123,1136,3745
GUJARAT,PANCHMAHAL,2002,83,18,0,4,0,4,22,22,0,76,0,14,190,290,70,220,118,39,21,0,62,484,0,11,1,22,0,0,961,2416
GUJARAT,PATAN,2002,24,13,0,3,0,3,29,28,1,9,0,23,88,215,38,177,95,26,44,0,22,410,0,25,0,88,0,90,1185,2389
GUJARAT,PORBANDAR,2002,7,7,2,4,0,4,9,8,1,0,0,5,39,75,29,46,9,48,21,0,6,122,3,16,0,53,0,35,752,1213
GUJARAT,RAJKOT COMMR.,2002,35,33,0,6,0,6,40,29,11,17,0,25,294,1191,542,649,121,53,47,2,195,533,5,28,12,173,0,69,1765,4644
GUJARAT,RAJKOT RURAL,2002,41,30,1,15,0,15,50,37,13,8,0,33,206,365,90,275,116,42,17,2,33,578,2,44,8,180,0,224,2387,4382
GUJARAT,SURAT COMMR.,2002,81,28,0,18,0,18,63,36,27,37,5,64,360,1503,1039,464,116,67,254,4,24,365,20,18,12,112,0,276,745,4172
GUJARAT,SURAT RURAL,2002,78,7,0,10,0,10,19,15,4,7,2,18,88,208,71,137,24,32,27,0,12,323,0,18,1,43,0,310,833,2060
GUJARAT,SURENDRANAGAR,2002,40,30,0,13,0,13,37,29,8,13,0,24,128,224,44,180,95,61,13,1,25,487,4,40,2,83,0,1,1816,3137
GUJARAT,VADODARA COMMR.,2002,56,47,0,5,0,5,35,28,7,17,0,85,365,1040,586,454,340,44,112,1,334,353,0,9,7,80,0,113,4073,7116
GUJARAT,VADODARA RURAL,2002,81,29,0,12,0,12,45,42,3,46,0,18,79,222,41,181,142,78,21,0,150,436,0,27,0,61,0,207,1723,3377
GUJARAT,VALSAD,2002,39,14,0,3,0,3,21,16,5,15,0,18,259,398,130,268,53,51,27,2,13,279,0,12,0,32,0,0,1510,2746
GUJARAT,W.RLY,2002,21,7,0,3,0,3,9,7,2,4,0,83,20,842,2,840,13,9,4,0,0,56,0,4,0,5,0,0,207,1287
GUJARAT,TOTAL,2002,1532,759,13,267,0,267,1015,807,208,804,12,1098,5327,15742,6195,9547,3665,1385,1457,46,1915,13531,62,750,104,3321,0,3258,50612,106675
GUJARAT,AHMEDABAD COMMR.,2003,90,68,3,18,0,18,157,96,61,31,6,365,959,5377,2287,3090,212,294,394,6,10,1371,3,50,30,595,0,173,5987,16199
GUJARAT,AHMEDABAD RURAL,2003,38,11,1,3,0,3,18,13,5,15,0,21,97,249,70,179,54,50,22,6,8,357,1,18,0,61,0,216,1392,2638
GUJARAT,AHWA-DANG,2003,6,1,0,0,0,0,0,0,0,1,0,2,2,5,0,5,4,2,0,3,1,19,0,2,0,3,0,10,43,104
GUJARAT,AMRELI,2003,19,11,0,6,0,6,28,28,0,0,0,26,88,164,50,114,27,30,16,19,8,328,0,24,1,98,0,80,967,1940
GUJARAT,ANAND,2003,28,21,2,5,0,5,36,32,4,10,1,19,170,432,129,303,40,60,65,9,13,518,0,24,3,130,0,194,1732,3512
GUJARAT,BHARUCH,2003,43,9,0,5,0,5,28,25,3,11,0,31,120,470,178,292,27,101,37,7,26,359,0,19,1,69,0,184,1246,2793
GUJARAT,BHAVNAGAR,2003,57,36,0,5,0,5,70,55,15,15,0,39,304,611,245,366,116,118,95,15,35,119,6,36,11,126,0,10,2991,4815
GUJARAT,DAHOD,2003,43,7,0,0,0,0,19,19,0,26,1,69,88,122,49,73,37,18,2,8,39,275,0,22,0,15,0,0,746,1537
GUJARAT,GANDHINAGAR,2003,23,12,0,0,0,0,34,28,6,5,0,64,157,617,231,386,66,27,32,7,13,332,2,25,2,113,0,184,1665,3380
GUJARAT,HIMATNAGAR,2003,42,12,1,6,0,6,44,44,0,14,0,30,200,331,79,252,58,64,70,16,23,339,2,47,1,160,0,191,2531,4182
GUJARAT,JAMNAGAR,2003,34,19,1,10,0,10,27,21,6,2,0,19,232,388,129,259,40,33,34,15,29,342,0,20,0,150,0,0,1830,3225
GUJARAT,JUNAGADH,2003,52,20,0,13,0,13,47,41,6,14,0,37,243,628,174,454,95,64,104,14,39,449,6,40,8,312,0,158,2489,4832
GUJARAT,KHEDA NORTH,2003,46,13,2,11,0,11,49,46,3,11,0,18,149,366,80,286,42,85,72,18,16,431,0,27,0,125,0,203,1943,3627
GUJARAT,KUTCH,2003,30,22,2,7,0,7,25,23,2,12,0,29,240,285,100,185,57,18,47,5,16,425,0,26,4,165,0,196,1661,3272
GUJARAT,MEHSANA,2003,37,31,0,7,0,7,57,52,5,13,2,53,251,699,147,552,93,53,91,8,16,1166,0,34,1,207,0,122,1848,4789
GUJARAT,NARMADA,2003,13,1,0,4,0,4,3,3,0,4,0,0,21,32,3,29,9,15,3,0,4,83,0,4,0,7,0,35,239,477
GUJARAT,NAVSARI,2003,26,7,0,2,0,2,10,9,1,4,0,7,86,138,57,81,16,50,24,6,1,105,0,6,0,15,0,0,899,1402
GUJARAT,PALANPUR,2003,38,20,1,20,0,20,42,39,3,6,0,44,234,331,59,272,77,39,98,16,18,1267,0,47,1,135,0,125,1229,3788
GUJARAT,PANCHMAHAL,2003,45,8,1,11,0,11,31,31,0,35,0,25,109,337,76,261,51,38,24,8,37,338,0,34,2,74,0,0,984,2192
GUJARAT,PATAN,2003,17,11,1,2,0,2,15,15,0,3,0,9,99,232,37,195,64,50,38,6,9,361,0,21,0,112,0,70,1237,2357
GUJARAT,PORBANDAR,2003,8,6,1,1,0,1,7,5,2,0,0,2,35,78,31,47,14,67,15,4,2,100,0,7,1,44,0,33,533,958
GUJARAT,RAJKOT COMMR.,2003,37,12,1,5,0,5,34,30,4,7,0,51,350,1525,655,870,98,38,77,10,16,357,5,8,13,158,0,87,1913,4802
GUJARAT,RAJKOT RURAL,2003,38,23,1,14,0,14,48,38,10,9,0,34,210,457,111,346,78,61,11,8,47,432,4,35,4,174,0,206,2425,4319
GUJARAT,SURAT COMMR.,2003,75,16,5,25,0,25,62,40,22,16,3,57,388,1749,1192,557,64,54,239,21,7,428,19,17,2,126,0,234,794,4401
GUJARAT,SURAT RURAL,2003,52,11,0,11,0,11,16,9,7,6,0,14,99,203,71,132,32,45,39,7,16,280,0,21,0,204,0,305,795,2156
GUJARAT,SURENDRANAGAR,2003,25,14,0,16,0,16,32,25,7,9,1,19,130,288,56,232,57,113,22,13,16,983,6,42,2,53,0,166,1044,3051
GUJARAT,VADODARA COMMR.,2003,38,28,1,8,0,8,36,31,5,6,0,44,434,1385,692,693,195,97,197,2,20,366,0,17,5,136,0,123,2574,5712
GUJARAT,VADODARA RURAL,2003,74,17,1,14,0,14,52,49,3,21,0,23,94,258,70,188,63,118,49,9,18,440,0,33,0,76,0,227,1628,3215
GUJARAT,VALSAD,2003,31,7,4,5,0,5,13,10,3,22,0,27,234,369,143,226,33,54,47,7,13,214,0,7,0,37,0,0,1357,2481
GUJARAT,W.RLY,2003,9,4,0,2,0,2,4,2,2,10,0,89,21,1178,0,1178,5,17,11,2,0,27,0,9,0,4,0,4,157,1553
GUJARAT,TOTAL,2003,1114,478,29,236,0,236,1044,859,185,338,14,1267,5844,19304,7201,12103,1824,1873,1975,275,516,12611,54,722,92,3684,0,3536,46879,103709
GUJARAT,AHMEDABAD COMMR.,2004,92,62,5,40,0,40,215,122,93,33,4,271,931,5711,2153,3558,162,275,333,7,10,1594,10,63,20,768,0,165,6782,17553
GUJARAT,AHMEDABAD RURAL,2004,26,7,0,12,0,12,32,28,4,9,0,28,96,252,44,208,36,37,13,2,11,341,1,22,0,65,0,220,1603,2813
GUJARAT,AHWA-DANG,2004,4,0,0,2,0,2,0,0,0,0,0,1,3,5,0,5,4,3,2,1,1,27,0,3,0,3,0,17,48,124
GUJARAT,AMRELI,2004,28,14,1,5,0,5,26,23,3,4,0,11,118,158,43,115,38,15,29,12,18,362,1,26,3,116,0,81,1174,2240
GUJARAT,ANAND,2004,21,12,2,12,0,12,41,39,2,13,0,16,148,361,134,227,23,71,20,10,16,413,0,24,3,116,0,184,1710,3216
GUJARAT,BHARUCH,2004,38,7,1,14,0,14,21,16,5,4,0,14,144,370,144,226,42,90,17,5,29,384,0,27,4,65,0,165,1306,2747
GUJARAT,BHAVNAGAR,2004,53,21,0,22,0,22,71,60,11,20,0,87,319,718,219,499,141,99,112,14,32,113,0,41,74,137,0,6,3261,5341
GUJARAT,DAHOD,2004,44,10,1,9,0,9,28,23,5,38,0,56,115,144,64,80,45,14,1,2,21,357,0,26,0,20,0,0,828,1759
GUJARAT,GANDHINAGAR,2004,25,14,0,8,0,8,15,11,4,2,1,31,134,416,186,230,32,11,50,3,7,282,2,16,3,90,0,176,1438,2756
GUJARAT,HIMATNAGAR,2004,35,20,0,10,0,10,47,43,4,15,0,25,200,194,40,154,56,111,57,4,19,383,0,61,0,204,0,217,2395,4053
GUJARAT,JAMNAGAR,2004,42,13,3,8,0,8,32,27,5,4,0,24,176,372,144,228,41,35,30,6,14,447,0,26,4,171,0,3,2343,3794
GUJARAT,JUNAGADH,2004,40,31,0,9,0,9,57,41,16,12,0,44,259,476,179,297,88,71,63,1,26,525,13,49,9,368,0,203,2420,4764
GUJARAT,KHEDA NORTH,2004,53,9,3,8,0,8,24,22,2,9,0,23,124,394,123,271,45,50,58,5,10,374,0,27,0,139,0,196,2092,3643
GUJARAT,KUTCH,2004,28,20,0,13,0,13,37,34,3,11,0,31,294,360,138,222,48,37,64,1,11,407,1,26,0,217,0,234,1798,3638
GUJARAT,MEHSANA,2004,40,26,1,4,0,4,54,47,7,16,0,47,231,621,127,494,99,33,103,0,9,1058,2,25,0,185,0,154,1841,4549
GUJARAT,NARMADA,2004,15,3,0,6,0,6,8,7,1,0,0,6,20,29,6,23,10,8,6,0,6,108,0,2,0,10,0,48,305,590
GUJARAT,NAVSARI,2004,26,2,0,5,0,5,7,7,0,3,2,8,77,147,64,83,9,31,14,2,3,113,1,5,0,19,0,0,725,1199
GUJARAT,PALANPUR,2004,38,21,0,21,0,21,37,36,1,12,0,26,199,328,84,244,78,27,46,4,16,1082,0,33,1,133,0,180,1262,3544
GUJARAT,PANCHMAHAL,2004,51,13,0,7,0,7,28,28,0,32,0,22,156,368,117,251,34,63,10,7,33,323,0,33,3,70,0,0,1053,2306
GUJARAT,PATAN,2004,19,16,0,6,0,6,29,27,2,0,0,9,79,233,29,204,44,25,43,4,3,350,0,19,0,103,0,76,1128,2186
GUJARAT,PORBANDAR,2004,11,9,0,1,0,1,7,4,3,0,0,7,45,74,37,37,13,46,25,2,6,137,0,5,0,41,0,37,542,1008
GUJARAT,RAJKOT COMMR.,2004,37,16,0,9,0,9,39,32,7,6,2,24,332,1216,613,603,72,29,69,6,8,341,4,10,10,184,0,93,1832,4339
GUJARAT,RAJKOT RURAL,2004,36,22,0,17,0,17,41,41,0,10,1,24,256,326,91,235,66,64,15,1,15,526,3,47,4,265,0,255,2184,4178
GUJARAT,SURAT COMMR.,2004,74,8,5,24,0,24,72,47,25,31,1,61,317,1543,1063,480,62,46,140,10,9,467,17,21,6,102,0,383,732,4131
GUJARAT,SURAT RURAL,2004,47,12,0,14,0,14,13,13,0,23,1,24,78,154,98,56,18,20,26,0,3,248,3,11,2,33,0,398,1486,2614
GUJARAT,SURENDRANAGAR,2004,28,22,0,13,0,13,27,23,4,8,0,13,143,266,74,192,46,89,16,4,11,446,0,35,0,63,0,148,1472,2850
GUJARAT,VADODARA COMMR.,2004,28,33,0,6,0,6,44,34,10,14,0,40,488,1414,709,705,164,88,268,3,16,305,0,10,8,140,0,125,2357,5551
GUJARAT,VADODARA RURAL,2004,85,9,5,22,0,22,56,54,2,12,0,20,101,296,58,238,38,77,18,0,13,496,0,43,0,84,0,194,1573,3142
GUJARAT,VALSAD,2004,36,13,0,9,0,9,22,16,6,13,3,34,229,346,150,196,35,35,45,4,10,230,0,12,0,40,0,0,1449,2565
GUJARAT,W.RLY,2004,13,4,0,3,0,3,3,0,3,6,0,109,16,1259,0,1259,10,12,33,2,2,23,0,9,10,4,0,0,758,2276
GUJARAT,TOTAL,2004,1113,469,27,339,0,339,1133,905,228,360,15,1136,5828,18551,6931,11620,1599,1612,1726,122,388,12262,58,757,164,3955,0,3958,49897,105469
GUJARAT,AHMEDABAD COMMR.,2005,76,49,4,35,0,35,219,136,83,23,3,159,825,5359,2264,3095,150,267,344,9,6,1361,1,54,26,745,0,188,7565,17468
GUJARAT,AHMEDABAD RURAL,2005,28,7,2,7,0,7,29,26,3,9,1,29,94,242,59,183,48,38,9,8,5,310,0,15,0,72,0,279,1693,2925
GUJARAT,AHWA-DANG,2005,5,1,0,5,0,5,0,0,0,0,0,1,2,3,1,2,3,4,2,1,0,30,0,5,0,5,0,17,62,146
GUJARAT,AMRELI,2005,24,14,1,11,0,11,49,47,2,3,0,18,127,186,49,137,28,31,10,16,15,286,2,18,1,127,0,97,2514,3578
GUJARAT,ANAND,2005,20,7,1,7,0,7,24,20,4,8,0,17,119,320,146,174,20,68,19,8,9,333,1,28,2,97,0,182,1787,3077
GUJARAT,BHARUCH,2005,35,10,1,8,0,8,23,15,8,8,0,14,139,323,123,200,29,56,9,10,12,335,0,16,5,46,0,211,1398,2688
GUJARAT,BHAVNAGAR,2005,66,31,0,14,0,14,85,70,15,30,0,164,398,1116,345,771,190,91,155,46,41,93,3,79,33,216,0,3,4732,7586
GUJARAT,DAHOD,2005,48,13,1,9,0,9,29,26,3,20,2,26,77,128,72,56,54,10,3,4,14,279,0,28,0,28,0,0,750,1523
GUJARAT,GANDHINAGAR,2005,20,6,0,9,0,9,29,20,9,5,0,23,124,395,152,243,19,12,37,9,16,237,4,8,4,101,0,151,1437,2646
GUJARAT,HIMATNAGAR,2005,26,12,2,12,0,12,32,31,1,15,0,20,145,222,70,152,60,47,25,28,16,349,0,42,0,147,0,237,2943,4380
GUJARAT,JAMNAGAR,2005,41,19,1,14,0,14,20,15,5,1,0,14,152,402,140,262,45,48,26,16,11,366,0,15,3,188,0,4,2496,3882
GUJARAT,JUNAGADH,2005,33,27,0,13,0,13,38,32,6,6,0,43,225,469,182,287,67,68,37,35,17,487,5,54,9,421,0,210,3522,5786
GUJARAT,KHEDA NORTH,2005,30,8,1,14,0,14,30,29,1,7,0,18,114,336,96,240,42,33,19,15,8,316,0,39,0,155,0,216,2596,3997
GUJARAT,KUTCH,2005,35,23,0,9,0,9,45,36,9,9,0,33,233,411,176,235,61,34,72,15,9,424,4,42,2,234,0,260,2466,4421
GUJARAT,MEHSANA,2005,30,21,1,6,0,6,55,47,8,19,1,55,258,599,104,495,71,48,70,14,10,488,1,25,0,221,0,151,2648,4792
GUJARAT,NARMADA,2005,15,2,0,6,0,6,1,1,0,4,0,2,26,30,4,26,19,5,1,0,3,92,0,2,0,4,0,36,801,1049
GUJARAT,NAVSARI,2005,14,3,0,6,0,6,6,5,1,4,0,7,52,95,52,43,5,19,12,11,1,83,2,3,0,31,0,0,892,1246
GUJARAT,PALANPUR,2005,40,24,1,11,0,11,23,21,2,11,0,20,192,306,65,241,34,12,39,14,14,980,1,26,0,79,0,184,1834,3845
GUJARAT,PANCHMAHAL,2005,50,6,0,12,0,12,32,28,4,5,0,23,135,251,92,159,28,39,14,7,16,204,1,75,3,86,0,0,2272,3259
GUJARAT,PATAN,2005,24,13,1,6,0,6,22,19,3,6,0,13,84,303,50,253,38,27,5,10,23,305,0,24,0,111,0,95,1536,2646
GUJARAT,PORBANDAR,2005,10,8,0,1,0,1,9,8,1,0,0,13,48,61,26,35,7,11,7,7,6,128,1,5,0,36,0,58,670,1086
GUJARAT,RAJKOT COMMR.,2005,24,12,0,7,0,7,37,33,4,7,0,31,265,989,529,460,64,39,47,43,5,333,0,7,7,153,0,93,1771,3934
GUJARAT,RAJKOT RURAL,2005,35,32,4,18,0,18,56,48,8,6,0,27,185,369,99,270,76,135,29,15,20,443,4,39,1,278,0,220,2817,4809
GUJARAT,SURAT COMMR.,2005,86,23,3,23,0,23,114,72,42,22,4,56,429,1797,1140,657,118,65,202,31,8,637,12,50,4,190,0,404,995,5273
GUJARAT,SURAT RURAL,2005,46,9,2,9,0,9,14,14,0,12,0,17,92,181,64,117,27,14,26,13,8,198,5,4,0,23,0,334,1212,2246
GUJARAT,SURENDRANAGAR,2005,30,21,0,13,0,13,38,31,7,8,0,23,126,305,71,234,77,40,8,22,7,494,0,36,1,90,0,151,2036,3526
GUJARAT,VADODARA COMMR.,2005,26,24,1,5,0,5,39,26,13,6,2,20,392,1341,689,652,174,34,192,16,6,300,0,13,2,136,0,122,2425,5276
GUJARAT,VADODARA RURAL,2005,70,13,0,21,0,21,37,36,1,9,0,16,105,166,56,110,40,38,15,12,12,339,0,25,0,38,0,213,1854,3023
GUJARAT,VALSAD,2005,34,13,0,11,0,11,25,20,5,17,0,17,153,319,121,198,29,24,38,10,2,241,1,17,0,31,0,0,712,1694
GUJARAT,W.RLY,2005,12,1,0,2,0,2,4,4,0,2,2,47,16,940,46,894,5,13,69,2,0,32,0,8,1,1,0,4,446,1607
GUJARAT,TOTAL,2005,1033,452,27,324,0,324,1164,916,248,282,15,966,5332,17964,7083,10881,1628,1370,1541,447,320,10503,48,802,104,4090,0,4120,60882,113414
GUJARAT,AHMEDABAD COMMR.,2006,99,60,7,46,0,46,182,146,36,23,3,172,802,5388,2317,3071,128,266,297,10,5,1371,4,72,22,956,0,227,9098,19238
GUJARAT,AHMEDABAD RURAL,2006,47,4,1,10,0,10,28,27,1,9,1,28,82,273,55,218,39,40,14,2,15,285,0,31,0,92,0,292,1727,3020
GUJARAT,AHWA-DANG,2006,7,1,0,3,0,3,0,0,0,2,0,1,2,16,0,16,11,0,1,0,2,22,0,6,0,11,0,16,179,280
GUJARAT,AMRELI,2006,20,11,3,15,0,15,31,30,1,2,0,14,109,169,39,130,30,17,17,10,7,312,3,20,0,112,0,96,1434,2432
GUJARAT,ANAND,2006,26,6,1,14,0,14,33,30,3,7,0,11,114,367,148,219,13,62,12,6,14,295,0,30,5,141,0,203,1693,3053
GUJARAT,BHARUCH,2006,37,9,1,7,0,7,7,6,1,10,0,8,121,312,107,205,18,49,13,6,15,269,0,8,0,66,0,210,1452,2618
GUJARAT,BHAVNAGAR,2006,59,40,1,26,0,26,128,116,12,47,0,170,457,1347,331,1016,155,101,188,23,30,99,7,101,61,285,0,7,5125,8457
GUJARAT,DAHOD,2006,30,18,0,0,0,0,21,19,2,15,1,23,50,82,37,45,27,6,8,1,14,188,0,11,0,39,0,0,1191,1725
GUJARAT,GANDHINAGAR,2006,23,13,0,14,0,14,24,20,4,6,0,17,102,403,129,274,39,5,36,10,6,234,0,17,6,119,0,187,1580,2841
GUJARAT,HIMATNAGAR,2006,35,4,2,11,0,11,32,32,0,6,1,13,115,211,53,158,41,29,26,4,12,235,0,25,0,151,0,236,5336,6525
GUJARAT,JAMNAGAR,2006,29,11,0,13,0,13,21,18,3,5,0,22,180,361,152,209,37,22,23,5,11,386,0,14,11,206,0,4,2542,3903
GUJARAT,JUNAGADH,2006,54,19,0,6,0,6,52,44,8,15,0,34,185,470,143,327,80,60,33,13,12,495,3,38,4,415,0,199,2496,4683
GUJARAT,KHEDA NORTH,2006,37,9,0,17,0,17,36,34,2,12,0,9,148,333,86,247,47,34,45,5,12,315,0,22,0,204,0,226,3039,4550
GUJARAT,KUTCH,2006,39,23,0,19,0,19,52,41,11,18,0,55,315,532,193,339,63,56,48,3,18,405,3,37,0,343,0,271,3707,6007
GUJARAT,MEHSANA,2006,24,22,0,6,0,6,41,36,5,14,0,52,274,617,115,502,76,36,70,4,12,491,3,28,0,219,0,149,2511,4649
GUJARAT,NARMADA,2006,11,8,0,2,0,2,6,6,0,2,0,1,25,30,10,20,10,4,3,1,4,100,0,6,0,10,0,47,373,643
GUJARAT,NAVSARI,2006,16,6,0,2,0,2,8,7,1,2,0,5,76,106,50,56,17,32,12,3,2,68,0,4,0,38,0,0,780,1177
GUJARAT,PALANPUR,2006,42,18,0,22,0,22,37,35,2,7,0,21,150,419,39,380,54,28,15,4,11,1292,1,43,0,188,0,180,2486,5018
GUJARAT,PANCHMAHAL,2006,62,13,0,6,0,6,44,42,2,5,0,19,115,205,81,124,37,27,24,2,20,300,0,24,0,101,0,0,2417,3421
GUJARAT,PATAN,2006,14,9,1,10,0,10,13,11,2,9,0,6,103,394,52,342,54,23,16,1,6,311,0,25,0,147,0,84,1453,2679
GUJARAT,PORBANDAR,2006,9,5,0,2,0,2,7,6,1,0,0,6,42,74,20,54,5,8,6,2,3,112,1,1,0,45,0,45,581,954
GUJARAT,RAJKOT COMMR.,2006,29,15,0,4,0,4,26,18,8,1,0,26,260,718,424,294,46,12,39,18,3,369,1,5,12,165,0,94,1646,3489
GUJARAT,RAJKOT RURAL,2006,42,20,3,21,0,21,37,33,4,10,0,31,259,387,129,258,41,106,17,10,16,427,1,34,5,300,0,298,2102,4167
GUJARAT,SURAT COMMR.,2006,103,30,1,31,0,31,130,86,44,15,2,72,500,2206,1457,749,145,55,258,24,10,759,22,46,6,249,0,336,3659,8659
GUJARAT,SURAT RURAL,2006,71,7,0,11,0,11,11,8,3,9,2,15,75,170,78,92,21,19,21,0,6,275,0,11,0,40,0,385,1217,2366
GUJARAT,SURENDRANAGAR,2006,30,15,0,17,0,17,23,20,3,6,0,20,118,259,54,205,55,47,8,3,6,381,1,34,2,81,0,191,1451,2748
GUJARAT,VADODARA COMMR.,2006,32,34,2,6,0,6,54,42,12,8,0,35,482,1319,678,641,147,30,199,14,31,316,0,17,2,181,0,134,2629,5672
GUJARAT,VADODARA RURAL,2006,82,19,0,10,0,10,20,16,4,7,0,13,81,171,49,122,37,40,14,2,14,354,0,10,1,39,0,216,1486,2616
GUJARAT,VALSAD,2006,43,17,0,1,0,1,18,12,6,14,2,13,167,268,120,148,41,28,22,10,4,173,0,10,0,32,0,0,1203,2066
GUJARAT,W.RLY,2006,13,5,1,2,0,2,6,4,2,4,0,58,21,868,42,826,20,4,44,0,0,46,0,6,1,2,0,6,209,1316
GUJARAT,TOTAL,2006,1165,471,24,354,0,354,1128,945,183,290,12,970,5530,18475,7188,11287,1534,1246,1529,196,321,10685,50,736,138,4977,0,4339,66802,120972
GUJARAT,AHMEDABAD COMMR.,2007,100,44,2,37,0,37,213,147,66,13,3,417,677,4302,2316,1986,133,188,204,9,0,1421,4,104,13,1221,0,252,7953,17310
GUJARAT,AHMEDABAD RURAL,2007,30,16,1,6,0,6,48,46,2,7,0,38,133,434,98,336,61,45,9,4,17,316,0,22,0,172,0,339,2308,4006
GUJARAT,AHWA-DANG,2007,8,2,0,5,0,5,0,0,0,0,0,2,6,11,3,8,5,2,1,1,1,17,0,5,0,7,0,31,188,292
GUJARAT,AMRELI,2007,30,13,0,7,0,7,49,49,0,3,0,11,98,172,61,111,62,34,6,11,6,295,0,20,0,162,0,104,1225,2308
GUJARAT,ANAND,2007,26,7,3,10,0,10,59,53,6,9,1,21,161,589,241,348,33,77,12,11,15,386,0,22,2,170,0,244,2061,3919
GUJARAT,BHARUCH,2007,38,10,0,8,0,8,15,14,1,6,0,11,112,277,118,159,29,43,7,8,8,219,0,18,4,68,0,284,1373,2538
GUJARAT,BHAVNAGAR,2007,43,37,0,18,0,18,104,90,14,12,0,76,338,879,258,621,156,61,61,29,30,116,1,94,35,280,0,6,3671,6047
GUJARAT,DAHOD,2007,40,14,1,8,0,8,35,32,3,26,1,56,53,176,77,99,66,2,4,6,18,298,0,25,1,56,0,0,836,1722
GUJARAT,GANDHINAGAR,2007,19,12,0,12,0,12,24,17,7,5,0,21,129,434,191,243,39,6,46,9,3,220,1,17,2,170,0,195,1606,2970
GUJARAT,HIMATNAGAR,2007,46,12,1,5,0,5,35,34,1,6,0,9,132,234,71,163,46,51,20,10,7,259,0,33,0,197,0,271,4667,6041
GUJARAT,JAMNAGAR,2007,41,34,2,11,0,11,22,21,1,5,0,23,182,404,167,237,64,37,23,12,27,367,0,15,4,245,0,3,5457,6978
GUJARAT,JUNAGADH,2007,46,15,0,13,0,13,56,46,10,5,0,43,175,545,186,359,64,52,24,17,21,522,1,42,11,419,0,206,2587,4864
GUJARAT,KHEDA NORTH,2007,43,7,1,10,0,10,35,34,1,6,0,8,138,393,88,305,49,39,33,9,17,387,0,31,0,154,0,260,3449,5069
GUJARAT,KUTCH,2007,49,22,1,10,0,10,36,27,9,13,0,34,316,578,210,368,60,28,44,9,8,400,2,20,4,255,0,310,3029,5228
GUJARAT,MEHSANA,2007,31,24,1,6,0,6,50,45,5,10,0,27,245,699,189,510,93,28,39,9,13,601,2,23,0,276,0,165,2582,4924
GUJARAT,NARMADA,2007,15,2,0,6,0,6,4,4,0,0,0,1,11,31,7,24,5,6,3,0,7,115,0,8,0,13,0,42,553,822
GUJARAT,NAVSARI,2007,26,5,0,2,0,2,14,11,3,9,0,6,45,100,51,49,10,13,4,6,1,45,0,3,0,23,0,0,682,994
GUJARAT,PALANPUR,2007,45,30,0,19,0,19,55,51,4,4,0,31,186,456,101,355,81,30,23,5,22,1187,2,65,0,256,0,156,2140,4793
GUJARAT,PANCHMAHAL,2007,55,15,0,16,0,16,44,42,2,22,0,20,98,216,77,139,29,37,25,5,15,258,0,33,0,124,0,0,2661,3673
GUJARAT,PATAN,2007,18,14,1,6,0,6,43,41,2,4,0,16,107,434,82,352,59,24,23,6,14,412,0,33,0,178,0,126,1456,2974
GUJARAT,PORBANDAR,2007,6,2,3,1,0,1,8,7,1,0,0,4,32,64,18,46,11,10,13,4,4,88,0,4,0,59,0,46,565,924
GUJARAT,RAJKOT COMMR.,2007,37,16,0,4,0,4,46,36,10,2,0,32,203,846,436,410,57,22,45,26,19,344,3,17,22,240,0,112,1819,3912
GUJARAT,RAJKOT RURAL,2007,32,21,1,25,0,25,58,51,7,14,0,32,164,376,122,254,65,70,10,9,7,423,4,26,1,234,0,293,2129,3994
GUJARAT,SURAT COMMR.,2007,108,31,3,24,0,24,117,80,37,15,1,42,447,2423,1587,836,111,57,182,25,6,848,21,44,8,332,0,357,5784,10986
GUJARAT,SURAT RURAL,2007,57,13,0,4,0,4,18,6,12,10,3,11,68,182,87,95,36,19,14,10,10,158,1,5,0,37,0,408,543,1607
GUJARAT,SURENDRANAGAR,2007,22,16,0,17,0,17,29,28,1,8,1,19,89,270,71,199,65,70,13,11,7,430,0,48,5,119,0,196,1785,3220
GUJARAT,VADODARA COMMR.,2007,24,22,0,8,0,8,47,37,10,9,0,25,359,1403,831,572,119,34,152,10,6,306,0,11,8,268,0,118,2180,5109
GUJARAT,VADODARA RURAL,2007,76,21,0,10,0,10,39,37,2,6,0,13,46,192,85,107,34,23,12,8,15,318,0,21,0,63,0,304,1657,2858
GUJARAT,VALSAD,2007,39,11,0,8,0,8,5,2,3,8,0,11,99,233,115,118,21,26,23,6,5,158,0,6,0,25,0,0,1170,1854
GUJARAT,W.RLY,2007,16,6,0,0,0,0,4,1,3,8,0,35,21,811,78,733,5,5,41,1,1,75,0,7,0,4,0,3,216,1259
GUJARAT,TOTAL,2007,1166,494,21,316,0,316,1312,1089,223,245,10,1095,4870,18164,8022,10142,1668,1139,1116,286,330,10989,42,822,120,5827,0,4831,68332,123195
GUJARAT,AHMEDABAD COMMR.,2008,85,60,0,44,0,44,172,137,35,14,2,538,778,5485,3239,2246,168,223,200,14,1,1335,1,78,19,1185,0,242,7900,18544
GUJARAT,AHMEDABAD RURAL,2008,36,20,0,3,0,3,36,35,1,14,1,37,114,354,124,230,61,45,9,3,9,236,1,16,0,67,0,321,2021,3404
GUJARAT,AHWA-DANG,2008,7,2,0,3,0,3,2,2,0,0,0,0,2,13,4,9,2,2,2,0,0,27,0,2,0,11,0,13,143,231
GUJARAT,AMRELI,2008,22,6,1,8,0,8,60,58,2,0,1,6,127,218,69,149,34,50,8,6,10,305,0,31,3,128,0,133,1234,2391
GUJARAT,ANAND,2008,40,10,2,11,0,11,51,45,6,12,0,16,121,508,172,336,39,64,10,7,14,342,0,25,2,170,0,224,2126,3794
GUJARAT,BHARUCH,2008,36,15,1,13,0,13,34,29,5,13,0,22,157,371,121,250,51,76,14,4,41,218,0,13,2,114,0,280,1600,3075
GUJARAT,BHAVNAGAR,2008,35,33,3,9,0,9,90,80,10,11,0,52,224,857,328,529,134,40,73,11,13,132,0,69,51,197,0,0,3824,5858
GUJARAT,DAHOD,2008,44,21,3,13,0,13,43,40,3,33,1,55,98,167,89,78,61,8,4,1,31,347,0,33,0,63,0,0,782,1808
GUJARAT,GANDHINAGAR,2008,32,12,0,8,0,8,44,35,9,6,0,34,150,606,250,356,42,19,40,9,6,271,3,18,2,200,0,211,3095,4808
GUJARAT,HIMATNAGAR,2008,38,13,1,16,0,16,37,34,3,11,0,19,83,206,71,135,64,31,33,12,17,209,0,22,0,217,0,266,3592,4887
GUJARAT,JAMNAGAR,2008,34,12,3,17,0,17,30,25,5,14,0,22,150,410,162,248,79,22,27,4,15,422,0,14,1,239,0,7,3810,5332
GUJARAT,JUNAGADH,2008,33,20,0,5,0,5,48,43,5,13,0,49,221,719,268,451,79,84,46,7,25,463,3,66,3,456,0,186,2762,5288
GUJARAT,KHEDA NORTH,2008,36,11,0,8,0,8,41,39,2,5,0,13,114,393,81,312,39,25,35,9,23,383,0,40,0,219,0,247,3624,5265
GUJARAT,KUTCH,2008,40,8,1,16,0,16,44,42,2,4,1,34,297,656,254,402,73,35,52,7,14,418,1,26,6,334,0,295,2579,4941
GUJARAT,MEHSANA,2008,29,18,1,9,0,9,54,48,6,10,0,33,211,652,215,437,84,49,34,6,9,838,0,33,1,289,0,185,2059,4604
GUJARAT,NARMADA,2008,11,3,5,7,0,7,7,7,0,0,0,1,18,38,13,25,7,2,3,2,4,118,0,8,1,12,0,63,500,810
GUJARAT,NAVSARI,2008,25,3,1,2,0,2,9,4,5,0,0,5,26,84,46,38,10,14,5,4,3,35,0,1,1,5,0,0,762,995
GUJARAT,PALANPUR,2008,42,16,1,37,0,37,43,43,0,9,0,31,206,413,137,276,67,18,35,6,23,1109,1,34,0,201,0,174,1641,4107
GUJARAT,PANCHMAHAL,2008,40,13,1,8,0,8,55,53,2,3,0,13,99,208,84,124,29,34,25,0,27,303,0,29,2,148,0,0,2286,3323
GUJARAT,PATAN,2008,14,15,0,19,0,19,29,24,5,4,0,18,102,371,71,300,54,17,20,6,5,350,0,29,0,157,0,118,1620,2948
GUJARAT,PORBANDAR,2008,7,6,0,3,0,3,12,11,1,0,0,6,38,89,22,67,10,4,11,2,6,82,0,5,0,48,0,69,616,1014
GUJARAT,RAJKOT COMMR.,2008,37,33,1,12,0,12,54,40,14,9,0,68,320,1394,784,610,140,71,85,14,12,417,1,30,19,312,0,128,2368,5525
GUJARAT,RAJKOT RURAL,2008,45,16,2,24,0,24,47,42,5,13,0,26,156,425,190,235,62,42,12,4,12,334,4,45,2,293,0,293,2013,3870
GUJARAT,SURAT COMMR.,2008,97,42,3,28,0,28,131,79,52,24,4,146,544,3049,1939,1110,165,39,178,29,10,856,11,54,2,472,0,382,4475,10741
GUJARAT,SURAT RURAL,2008,43,4,1,3,0,3,11,5,6,5,2,9,39,122,56,66,10,17,19,3,4,78,0,7,0,30,0,300,882,1589
GUJARAT,SURENDRANAGAR,2008,35,15,0,21,0,21,44,38,6,3,0,12,80,195,66,129,44,38,17,2,6,382,0,50,1,133,0,236,1643,2957
GUJARAT,TAPI,2008,21,5,0,3,0,3,3,2,1,3,0,3,19,42,20,22,8,5,0,3,0,50,0,2,0,6,0,98,331,602
GUJARAT,VADODARA COMMR.,2008,20,32,3,7,0,7,34,30,4,9,2,23,366,1415,827,588,123,20,119,6,5,283,0,16,3,268,0,159,2473,5386
GUJARAT,VADODARA RURAL,2008,79,17,1,11,0,11,39,37,2,6,0,10,53,191,76,115,31,44,6,5,16,345,0,21,0,87,0,296,1497,2755
GUJARAT,VALSAD,2008,33,5,0,4,0,4,15,9,6,4,0,8,119,229,121,108,36,28,43,4,2,138,0,6,0,32,0,0,1094,1800
GUJARAT,W.RLY,2008,10,1,0,2,0,2,4,3,1,4,0,13,21,835,48,787,3,1,2,0,0,71,1,5,1,1,0,8,173,1156
GUJARAT,TOTAL,2008,1106,487,35,374,0,374,1323,1119,204,256,14,1322,5053,20715,9947,10768,1809,1167,1167,190,363,10897,27,828,122,6094,0,4934,65525,123808
GUJARAT,AHMEDABAD COMMR.,2009,83,50,7,63,0,63,181,132,49,16,2,844,751,6283,4232,2051,178,224,205,16,6,1165,5,74,18,1169,0,205,9181,20726
GUJARAT,AHMEDABAD RURAL,2009,19,19,1,9,0,9,50,38,12,13,1,37,125,382,162,220,46,76,15,4,8,238,1,17,0,131,0,319,1730,3241
GUJARAT,AHWA-DANG,2009,5,1,0,3,0,3,0,0,0,0,0,0,5,2,0,2,1,2,0,1,3,10,0,2,0,4,0,19,95,153
GUJARAT,AMRELI,2009,27,8,2,8,0,8,52,50,2,5,0,9,122,217,91,126,65,51,5,8,5,303,1,21,4,131,0,104,1078,2226
GUJARAT,ANAND,2009,36,4,1,13,0,13,43,35,8,8,0,8,105,412,216,196,26,50,11,6,7,275,0,29,3,231,0,211,1976,3455
GUJARAT,BHARUCH,2009,26,19,0,18,0,18,28,25,3,11,0,18,123,429,187,242,53,70,19,6,18,282,0,22,3,113,0,354,1571,3183
GUJARAT,BHAVNAGAR,2009,41,24,2,9,0,9,71,64,7,6,0,27,235,684,307,377,95,39,53,14,15,130,0,41,42,157,0,0,2926,4611
GUJARAT,DAHOD,2009,33,36,2,10,0,10,40,40,0,30,0,34,73,188,126,62,44,2,11,3,13,290,0,22,0,50,0,0,578,1459
GUJARAT,GANDHINAGAR,2009,28,8,0,7,0,7,30,28,2,5,0,28,168,572,251,321,30,11,45,7,6,192,0,10,3,174,0,215,3351,4890
GUJARAT,HIMATNAGAR,2009,34,15,1,15,0,15,36,35,1,12,0,10,86,200,98,102,53,73,24,11,9,151,0,23,0,208,0,240,2164,3365
GUJARAT,JAMNAGAR,2009,32,19,0,17,0,17,24,20,4,1,4,11,142,363,157,206,72,33,19,11,2,412,1,18,3,241,0,0,3269,4694
GUJARAT,JUNAGADH,2009,48,28,0,14,0,14,69,60,9,6,0,45,222,682,305,377,90,56,36,19,21,515,1,48,10,473,0,225,2913,5521
GUJARAT,KHEDA NORTH,2009,23,12,0,15,0,15,34,31,3,11,0,14,101,290,101,189,44,28,27,7,12,276,0,27,0,102,0,223,2922,4168
GUJARAT,KUTCH,2009,35,20,0,10,0,10,39,34,5,2,0,15,162,423,249,174,59,32,30,7,3,363,0,27,2,242,0,306,2192,3969
GUJARAT,MEHSANA,2009,29,21,0,10,0,10,55,50,5,10,0,20,137,608,207,401,55,62,20,1,6,287,0,23,1,154,0,192,2981,4672
GUJARAT,NARMADA,2009,13,3,1,6,0,6,3,3,0,2,0,1,16,32,14,18,9,9,2,0,1,83,0,6,0,10,0,74,484,755
GUJARAT,NAVSARI,2009,18,5,0,4,0,4,1,1,0,2,0,7,32,77,51,26,6,21,10,7,4,35,0,0,1,31,0,0,609,870
GUJARAT,PALANPUR,2009,38,16,0,26,0,26,89,87,2,12,0,40,214,462,185,277,69,28,41,11,18,1116,0,55,1,217,0,203,1669,4325
GUJARAT,PANCHMAHAL,2009,35,16,0,15,0,15,52,51,1,15,0,17,117,278,124,154,39,41,18,0,26,324,0,27,3,147,0,0,2290,3460
GUJARAT,PATAN,2009,21,11,1,19,0,19,21,20,1,9,0,18,79,331,126,205,38,15,15,6,8,308,0,43,0,136,0,136,1349,2564
GUJARAT,PORBANDAR,2009,11,7,0,3,0,3,18,17,1,0,0,4,44,76,30,46,11,19,6,2,2,97,0,2,2,53,0,63,553,973
GUJARAT,RAJKOT COMMR.,2009,35,26,1,8,0,8,47,38,9,9,0,41,233,1154,753,401,68,52,40,19,10,407,1,19,8,271,0,107,1919,4475
GUJARAT,RAJKOT RURAL,2009,41,28,4,28,0,28,57,52,5,7,0,19,166,369,215,154,45,50,15,7,14,224,5,32,3,279,0,328,2548,4269
GUJARAT,SURAT COMMR.,2009,101,15,2,28,0,28,119,74,45,20,3,80,439,2220,1474,746,83,30,171,32,5,623,9,34,2,351,0,473,2724,7564
GUJARAT,SURAT RURAL,2009,39,5,0,10,0,10,12,12,0,6,0,8,30,111,68,43,12,18,15,1,3,135,0,4,0,21,0,348,668,1446
GUJARAT,SURENDRANAGAR,2009,40,10,1,18,0,18,58,54,4,4,0,13,87,210,105,105,48,62,13,11,2,401,0,39,3,120,0,246,1565,2951
GUJARAT,TAPI,2009,15,0,0,7,0,7,4,4,0,0,0,5,15,56,24,32,5,6,6,2,1,86,0,0,0,7,0,109,339,663
GUJARAT,VADODARA COMMR.,2009,24,25,0,6,0,6,33,28,5,5,0,21,276,1426,939,487,134,32,92,7,2,253,0,17,0,178,0,125,2404,5060
GUJARAT,VADODARA RURAL,2009,52,14,4,23,0,23,69,66,3,9,0,11,61,267,109,158,42,44,8,8,8,304,0,35,0,75,0,347,1455,2836
GUJARAT,VALSAD,2009,22,2,0,10,0,10,12,12,0,5,1,7,115,266,169,97,12,17,41,3,2,128,0,5,0,27,0,0,1102,1777
GUJARAT,W.RLY,2009,16,1,0,1,0,1,1,1,0,5,0,8,7,599,55,544,7,3,1,1,0,43,0,5,2,3,0,6,153,862
GUJARAT,TOTAL,2009,1020,468,30,433,0,433,1348,1162,186,246,11,1420,4488,19669,11130,8539,1539,1256,1014,238,240,9456,24,727,114,5506,0,5178,60758,115183
GUJARAT,AHMEDABAD COMMR.,2010,82,66,4,49,0,49,207,177,30,26,2,805,799,4659,3101,1558,171,263,212,17,4,1365,12,73,9,1230,0,203,11184,21442
GUJARAT,AHMEDABAD RURAL,2010,31,17,3,8,0,8,44,41,3,7,0,23,102,303,133,170,63,80,10,3,7,264,0,14,0,113,0,388,1893,3373
GUJARAT,AHWA-DANG,2010,11,1,0,1,0,1,0,0,0,0,0,0,2,6,0,6,0,1,0,0,1,11,0,0,0,2,0,20,98,154
GUJARAT,AMRELI,2010,19,5,3,10,0,10,65,61,4,1,0,18,108,188,83,105,46,44,10,8,6,216,0,25,9,162,0,138,1086,2167
GUJARAT,ANAND,2010,24,8,3,15,0,15,45,39,6,7,0,13,101,440,238,202,42,60,21,4,16,328,0,27,3,190,0,266,1851,3464
GUJARAT,BHARUCH,2010,37,15,0,9,0,9,27,23,4,8,0,13,119,318,131,187,45,65,13,8,19,297,0,18,4,2,0,318,1537,2872
GUJARAT,BHAVNAGAR,2010,50,29,2,8,0,8,62,58,4,1,2,22,176,513,237,276,92,28,45,19,15,507,0,32,42,177,0,0,2311,4133
GUJARAT,CID CRIME,2010,3,0,0,1,0,1,0,0,0,0,0,0,0,1,0,1,0,7,14,0,0,0,0,0,0,0,0,0,1,27
GUJARAT,DAHOD,2010,39,16,8,3,0,3,54,51,3,17,0,44,58,182,106,76,54,4,7,2,12,292,0,15,0,7,0,190,828,1832
GUJARAT,GANDHINAGAR,2010,16,9,1,13,0,13,29,27,2,6,1,12,118,524,251,273,38,5,42,10,5,203,1,11,4,152,0,207,4348,5755
GUJARAT,HIMATNAGAR,2010,28,17,2,18,0,18,52,50,2,5,0,10,104,212,98,114,39,34,28,13,4,168,0,26,2,240,0,274,2437,3713
GUJARAT,JAMNAGAR,2010,44,26,0,14,0,14,32,25,7,2,1,23,159,359,168,191,88,29,34,6,7,343,0,27,2,232,0,1,2543,3972
GUJARAT,JUNAGADH,2010,48,19,0,19,0,19,68,63,5,3,0,36,185,553,306,247,93,42,44,12,21,482,0,37,8,443,0,208,2369,4690
GUJARAT,KHEDA NORTH,2010,35,10,0,16,0,16,63,59,4,9,0,13,70,258,106,152,58,23,28,9,8,277,0,28,0,200,0,275,3897,5277
GUJARAT,KUTCH,2010,37,17,0,8,0,8,36,31,5,11,1,16,130,404,199,205,63,42,26,14,10,360,0,18,1,227,0,13,2824,4258
GUJARAT,MEHSANA,2010,22,15,3,8,0,8,66,58,8,9,1,25,150,641,231,410,67,38,23,17,6,1089,0,27,0,241,0,225,1929,4602
GUJARAT,NARMADA,2010,17,2,1,7,0,7,4,4,0,0,0,3,8,34,21,13,12,17,8,2,2,112,0,8,0,5,0,84,515,841
GUJARAT,NAVSARI,2010,22,2,0,6,0,6,19,15,4,1,0,6,43,92,41,51,25,20,6,6,1,64,0,5,1,34,0,0,725,1078
GUJARAT,PALANPUR,2010,40,23,1,38,0,38,110,108,2,11,0,58,208,563,300,263,73,37,35,8,22,551,1,59,5,293,0,248,2344,4728
GUJARAT,PANCHMAHAL,2010,47,10,2,13,0,13,58,58,0,2,0,16,93,184,94,90,48,49,14,1,17,290,0,31,0,188,0,341,2316,3720
GUJARAT,PATAN,2010,11,9,0,11,0,11,38,37,1,5,0,16,77,270,112,158,28,25,17,11,4,312,0,32,1,101,0,162,1308,2438
GUJARAT,PORBANDAR,2010,9,7,0,2,0,2,12,9,3,0,0,2,26,49,16,33,9,9,16,2,3,83,1,4,3,69,0,38,531,875
GUJARAT,RAJKOT COMMR.,2010,38,22,1,12,0,12,39,32,7,9,0,34,243,1039,798,241,64,52,26,9,17,393,0,14,7,294,0,117,1594,4024
GUJARAT,RAJKOT RURAL,2010,41,23,1,24,0,24,69,60,9,6,1,12,90,287,181,106,47,31,10,9,10,207,1,22,5,253,0,317,2275,3741
GUJARAT,SURAT COMMR.,2010,87,19,1,23,0,23,82,63,19,12,7,80,273,1712,1247,465,87,34,126,36,7,556,3,24,1,268,0,364,3624,7426
GUJARAT,SURAT RURAL,2010,41,8,0,6,0,6,25,23,2,2,0,8,50,187,132,55,20,26,20,6,6,76,0,4,0,28,0,386,799,1698
GUJARAT,SURENDRANAGAR,2010,24,12,2,29,0,29,29,27,2,3,1,15,76,203,95,108,56,37,11,4,6,410,0,36,2,113,0,235,1567,2871
GUJARAT,TAPI,2010,19,2,1,3,0,3,1,1,0,0,0,3,16,59,44,15,3,5,1,3,1,151,0,7,0,17,0,112,263,667
GUJARAT,VADODARA COMMR.,2010,23,25,1,7,0,7,36,30,6,9,0,19,319,1529,1044,485,89,35,115,3,4,276,0,18,0,216,0,180,2448,5352
GUJARAT,VADODARA RURAL,2010,66,16,4,16,0,16,55,50,5,8,0,14,71,212,102,110,37,35,10,7,18,266,0,18,0,85,0,329,1396,2663
GUJARAT,VALSAD,2010,29,10,0,11,0,11,14,8,6,3,1,12,87,284,161,123,49,27,21,4,1,111,0,4,0,15,0,264,874,1821
GUJARAT,W.RLY,2010,8,2,0,0,0,0,6,2,4,3,0,13,10,529,41,488,17,10,9,2,0,71,0,4,1,3,0,4,73,765
GUJARAT,TOTAL,2010,1048,462,44,408,0,408,1447,1290,157,186,18,1384,4071,16794,9817,6977,1623,1214,1002,255,260,10131,19,668,110,5600,0,5907,63788,116439
GUJARAT,AHMEDABAD COMMR.,2011,95,69,2,60,0,60,230,184,46,31,0,720,831,3874,2308,1566,156,312,288,10,6,1427,19,83,16,1390,0,187,10397,20203
GUJARAT,AHMEDABAD RURAL,2011,36,16,3,10,0,10,74,71,3,16,0,37,130,319,136,183,90,88,24,8,7,338,1,22,0,131,0,467,1871,3688
GUJARAT,AHWA-DANG,2011,6,3,0,1,0,1,0,0,0,0,0,0,8,13,9,4,0,1,1,1,1,16,1,1,0,8,0,28,138,227
GUJARAT,AMRELI,2011,26,3,2,10,0,10,79,77,2,1,0,12,101,134,56,78,44,39,16,8,6,231,0,28,1,143,0,158,1084,2126
GUJARAT,ANAND,2011,19,4,3,10,0,10,45,42,3,4,1,8,116,358,237,121,37,35,21,5,11,299,0,20,0,196,0,284,1678,3154
GUJARAT,BHARUCH,2011,34,10,0,13,0,13,28,27,1,9,0,14,124,341,177,164,51,86,13,8,4,235,0,9,0,4,0,312,1636,2931
GUJARAT,BHAVNAGAR,2011,55,26,2,8,0,8,88,88,0,1,2,25,149,449,232,217,81,21,45,22,15,486,0,35,33,181,0,0,2533,4257
GUJARAT,CID CRIME,2011,1,0,0,0,0,0,0,0,0,0,0,0,0,1,0,1,0,5,4,0,0,0,0,0,0,0,0,0,1,12
GUJARAT,DAHOD,2011,41,11,3,6,0,6,53,48,5,15,3,29,107,214,122,92,49,6,11,2,21,711,0,11,0,14,0,174,429,1910
GUJARAT,GANDHINAGAR,2011,27,9,1,14,0,14,21,16,5,6,0,20,121,447,216,231,38,13,45,10,4,197,0,16,1,132,0,260,4334,5716
GUJARAT,HIMATNAGAR,2011,35,5,2,10,0,10,48,46,2,6,1,8,101,244,114,130,46,35,36,9,9,151,0,29,4,229,0,298,3361,4667
GUJARAT,JAMNAGAR,2011,40,25,1,21,0,21,65,51,14,10,5,20,196,460,193,267,124,49,47,2,5,479,0,34,8,356,0,1,3178,5126
GUJARAT,JUNAGADH,2011,31,13,0,11,0,11,69,68,1,4,0,13,157,380,233,147,95,21,35,8,16,445,1,26,4,423,0,211,2233,4196
GUJARAT,KHEDA NORTH,2011,45,8,1,12,0,12,53,48,5,7,0,13,82,211,101,110,30,24,37,12,6,280,0,14,0,132,0,277,3624,4868
GUJARAT,KUTCH (EAST(G)),2011,35,11,0,8,0,8,24,17,7,3,1,22,96,256,116,140,34,18,24,3,4,233,2,13,1,137,0,0,1701,2626
GUJARAT,KUTCH (WEST-BHUJ),2011,24,12,1,15,0,15,15,15,0,2,0,6,106,212,112,100,46,31,13,3,6,165,0,14,0,108,0,6,1134,1919
GUJARAT,MEHSANA,2011,28,15,1,9,0,9,71,63,8,8,0,30,185,581,266,315,67,58,47,15,15,446,2,20,2,242,0,222,2304,4368
GUJARAT,NARMADA,2011,14,2,2,7,0,7,4,4,0,1,0,0,9,14,11,3,7,7,3,0,0,82,0,3,0,5,0,76,389,625
GUJARAT,NAVSARI,2011,21,9,1,2,0,2,10,10,0,3,0,8,62,142,74,68,19,24,13,8,2,63,0,6,2,31,0,0,944,1370
GUJARAT,PALANPUR,2011,52,22,0,38,0,38,92,87,5,7,0,62,217,400,193,207,66,33,47,11,25,505,1,64,1,349,0,302,2979,5273
GUJARAT,PANCHMAHAL,2011,49,17,1,10,0,10,60,57,3,15,3,15,107,184,90,94,38,41,21,7,18,279,0,33,0,249,0,0,2393,3540
GUJARAT,PATAN,2011,16,15,0,16,0,16,47,44,3,9,0,22,89,282,96,186,44,35,18,6,20,373,0,43,1,156,0,154,1801,3147
GUJARAT,PORBANDAR,2011,10,9,1,6,0,6,12,9,3,0,1,3,30,76,38,38,13,26,10,5,2,82,0,1,1,84,0,41,459,872
GUJARAT,RAJKOT COMMR.,2011,44,22,0,10,0,10,40,34,6,3,0,36,187,923,733,190,67,67,42,7,12,360,0,17,3,246,0,161,1692,3939
GUJARAT,RAJKOT RURAL,2011,41,23,4,23,0,23,75,69,6,6,0,20,142,257,132,125,60,65,21,4,11,273,2,21,6,279,0,353,2896,4582
GUJARAT,SURAT COMMR.,2011,100,38,2,36,0,36,112,83,29,12,4,78,356,1830,1263,567,64,34,191,42,4,455,0,34,3,276,0,241,4534,8446
GUJARAT,SURAT RURAL,2011,36,8,1,6,0,6,16,14,2,14,0,16,79,301,123,178,31,22,53,3,6,149,0,9,0,55,0,497,2106,3408
GUJARAT,SURENDRANAGAR,2011,32,15,1,19,0,19,44,41,3,5,0,13,104,216,105,111,58,35,12,7,7,441,0,28,4,129,0,248,1619,3037
GUJARAT,TAPI,2011,13,2,4,2,0,2,2,2,0,1,0,1,16,82,23,59,10,13,7,4,2,177,0,3,0,9,0,120,248,716
GUJARAT,VADODARA COMMR.,2011,21,27,2,9,0,9,50,44,6,13,1,83,295,1506,1006,500,78,31,170,10,5,315,1,15,2,240,0,156,2697,5727
GUJARAT,VADODARA RURAL,2011,52,17,2,28,0,28,65,62,3,6,0,15,69,204,127,77,41,23,23,11,3,251,0,19,0,95,0,327,1882,3133
GUJARAT,VALSAD,2011,35,11,0,9,0,9,19,19,0,2,0,7,127,366,231,135,25,32,22,5,10,140,0,6,0,23,0,263,1430,2532
GUJARAT,W.RLY AHMEDABAD,2011,7,0,0,0,0,0,2,1,1,0,0,5,8,212,20,192,6,3,9,0,0,24,0,6,0,0,0,0,43,325
GUJARAT,W.RLY VADODARA,2011,5,1,0,0,0,0,1,1,0,1,2,7,2,554,41,513,0,6,30,0,0,51,0,2,0,0,0,3,40,705
GUJARAT,TOTAL,2011,1126,478,43,439,0,439,1614,1442,172,221,24,1368,4509,16043,8934,7109,1615,1339,1399,256,263,10159,30,685,93,6052,0,5827,69788,123371
GUJARAT,AHMEDABAD COMMR.,2012,90,49,7,63,0,63,229,183,46,24,0,603,701,3622,2252,1370,159,298,246,21,16,1320,11,79,7,1448,0,242,12112,21347
GUJARAT,AHMEDABAD RURAL,2012,34,33,8,5,0,5,67,67,0,15,0,30,125,324,123,201,73,64,15,8,3,518,0,33,0,163,0,329,1826,3673
GUJARAT,AHWA-DANG,2012,7,0,0,1,0,1,1,1,0,1,0,0,9,10,3,7,5,0,5,0,2,14,0,1,1,8,0,21,123,209
GUJARAT,AMRELI,2012,18,19,2,10,0,10,80,75,5,2,0,13,114,149,53,96,56,30,6,7,4,277,0,20,7,146,0,128,1213,2301
GUJARAT,ANAND,2012,25,24,2,9,0,9,56,53,3,3,0,6,110,283,174,109,27,45,36,7,6,316,0,22,1,188,0,234,1591,2991
GUJARAT,BHARUCH,2012,42,12,0,12,0,12,28,22,6,12,0,25,117,302,171,131,44,68,10,10,5,270,0,19,1,0,0,324,1480,2781
GUJARAT,BHAVNAGAR,2012,46,23,1,13,0,13,105,96,9,2,1,30,160,408,216,192,71,18,43,12,19,592,0,30,42,221,0,0,2538,4375
GUJARAT,CID CRIME,2012,1,0,0,1,0,1,0,0,0,0,0,0,0,0,0,0,0,7,5,0,0,0,0,0,0,0,0,0,1,15
GUJARAT,DAHOD,2012,34,13,0,10,0,10,72,67,5,38,3,51,150,202,124,78,55,8,8,0,20,353,0,17,0,7,0,180,462,1683
GUJARAT,GANDHINAGAR,2012,23,4,1,20,0,20,29,26,3,6,0,26,127,376,189,187,52,24,53,4,6,215,0,10,1,159,0,211,5183,6530
GUJARAT,HIMATNAGAR,2012,30,6,1,10,0,10,57,55,2,5,1,9,103,205,114,91,52,20,72,9,4,171,0,22,4,249,0,284,5097,6411
GUJARAT,JAMNAGAR,2012,43,40,2,22,0,22,41,37,4,10,3,48,220,587,256,331,96,53,41,4,4,482,0,40,4,439,0,2,2849,5030
GUJARAT,JUNAGADH,2012,40,17,0,15,0,15,63,53,10,7,0,18,120,275,140,135,117,28,34,9,19,464,1,37,5,411,0,244,1991,3915
GUJARAT,KHEDA NORTH,2012,24,8,0,18,0,18,62,55,7,10,0,11,67,206,90,116,43,28,26,5,6,280,0,22,0,161,0,296,3819,5092
GUJARAT,KUTCH (EAST(G)),2012,19,15,0,17,0,17,25,23,2,3,1,18,98,256,121,135,24,18,32,1,8,287,1,12,0,188,0,5,2002,3030
GUJARAT,KUTCH (WEST-BHUJ),2012,24,5,1,8,0,8,18,17,1,2,0,6,73,168,80,88,50,16,13,1,2,185,0,18,0,127,0,3,1086,1806
GUJARAT,MEHSANA,2012,31,28,2,10,0,10,59,54,5,10,1,35,182,545,206,339,86,35,46,11,18,410,0,28,1,245,0,241,3329,5353
GUJARAT,NARMADA,2012,17,3,0,7,0,7,6,5,1,3,0,0,7,39,17,22,15,4,2,3,2,94,0,3,0,13,0,87,369,674
GUJARAT,NAVSARI,2012,19,9,0,4,0,4,15,15,0,3,0,7,99,224,131,93,18,49,10,8,2,65,0,4,0,114,0,0,892,1542
GUJARAT,PALANPUR,2012,44,32,1,49,0,49,118,107,11,23,0,48,268,433,206,227,79,31,63,8,21,462,0,64,1,349,0,265,2508,4867
GUJARAT,PANCHMAHAL,2012,54,16,1,5,0,5,74,73,1,25,0,20,114,231,142,89,52,21,17,8,20,375,0,36,0,294,0,0,2314,3677
GUJARAT,PATAN,2012,18,15,1,7,0,7,31,31,0,11,0,21,99,271,101,170,51,24,10,11,10,369,0,32,1,151,0,148,1826,3107
GUJARAT,PORBANDAR,2012,18,8,0,10,0,10,8,7,1,1,1,8,51,67,34,33,7,10,12,1,4,68,1,8,0,73,0,49,491,896
GUJARAT,RAJKOT COMMR.,2012,41,28,3,11,0,11,66,50,16,14,0,43,198,1013,775,238,74,84,43,11,8,336,0,10,3,264,0,139,1930,4319
GUJARAT,RAJKOT RURAL,2012,48,21,2,20,0,20,62,58,4,4,1,19,160,275,158,117,68,54,19,9,12,313,3,26,3,292,0,290,2596,4297
GUJARAT,SURAT COMMR.,2012,98,26,1,40,0,40,91,66,25,6,4,68,333,1886,1296,590,65,24,177,14,3,441,3,28,0,299,0,227,5412,9246
GUJARAT,SURAT RURAL,2012,55,16,0,13,0,13,33,30,3,14,2,18,143,495,210,285,50,22,39,4,7,135,1,14,2,94,0,408,2079,3644
GUJARAT,SURENDRANAGAR,2012,40,26,0,19,0,19,51,46,5,4,0,18,123,209,96,113,78,36,5,8,14,428,0,51,5,124,0,248,1498,2985
GUJARAT,TAPI,2012,11,4,2,5,0,5,3,3,0,1,0,4,26,93,36,57,10,18,4,4,9,64,0,9,0,17,0,132,376,792
GUJARAT,VADODARA COMMR.,2012,29,34,0,11,0,11,67,57,10,9,0,112,333,1333,950,383,92,24,175,5,5,375,0,15,4,306,0,156,3355,6440
GUJARAT,VADODARA RURAL,2012,74,6,4,15,0,15,73,72,1,11,0,18,96,310,199,111,55,17,38,5,17,296,0,23,0,90,0,409,1922,3479
GUJARAT,VALSAD,2012,21,14,0,12,0,12,25,19,6,4,0,20,159,551,342,209,26,57,31,8,6,189,0,9,0,15,0,266,1318,2731
GUJARAT,W.RLY AHMEDABAD,2012,3,3,0,1,0,1,2,2,0,0,0,8,8,214,21,193,7,2,3,0,0,37,0,2,0,2,0,3,49,344
GUJARAT,W.RLY VADODARA,2012,5,0,1,0,0,0,3,2,1,4,1,5,2,390,31,359,1,3,22,0,0,33,0,1,0,1,0,2,65,539
GUJARAT,TOTAL,2012,1126,557,43,473,0,473,1720,1527,193,287,19,1366,4695,15952,9057,6895,1758,1240,1361,216,282,10234,21,745,93,6658,0,5573,75702,130121